{
  "generated_at": "2026-06-09T19:24:41.089947+00:00",
  "training_count": 2162,
  "total_distance_km": 41083.30296396781,
  "total_duration_h": 6629.524514722223,
  "total_elevation_gain_m": 126014.825236506,
  "parse_errors": []
}